missing_id,precision,recall,f1
"(0,)",0.9090909090909091,1.0,0.9523809523809523
"(1,)",0.7272727272727273,0.8,0.761904761904762
"(2,)",0.7272727272727273,0.8,0.761904761904762
"(3,)",0.7272727272727273,0.8,0.761904761904762
"(4,)",0.9,0.9,0.9
"(5,)",0.9090909090909091,1.0,0.9523809523809523
"(6,)",0.9090909090909091,1.0,0.9523809523809523
"(7,)",0.8181818181818182,0.9,0.8571428571428572
"(8,)",0.8181818181818182,0.9,0.8571428571428572
"(11,)",0.9090909090909091,1.0,0.9523809523809523
