missing_id,precision,recall,f1
"(7, 10)",0.7058823529411765,0.75,0.7272727272727272
"(8, 10)",0.7058823529411765,0.75,0.7272727272727272
"(4, 8)",0.7,0.875,0.7777777777777777
"(2, 11)",0.7,0.875,0.7777777777777777
"(6, 9)",0.7,0.875,0.7777777777777777
"(0, 6)",0.8888888888888888,1.0,0.9411764705882353
"(1, 6)",0.7,0.875,0.7777777777777777
"(3, 9)",0.6,0.75,0.6666666666666665
"(6, 8)",0.7,0.875,0.7777777777777777
"(2, 9)",0.9,1.0,0.9473684210526316
